{
  "FreeCamera": {
    "Names": [
      "freecamera",
      "freecam",
      "fc"
    ],
    "Help": "Free camera mode.",
    "Syntax": null
  },
  "SteamProfile": {
    "Names": [
      "steamprofile",
      "steam"
    ],
    "Help": "Open the player's Steam profile.",
    "Syntax": "<nickname>"
  },
  "NoSkillCooldown": {
    "Names": [
      "noskillcooldown",
      "noskillcd",
      "nsc"
    ],
    "Help": "Toggle the skill cooldown timer.",
    "Syntax": null
  },
  "AutoPickup": {
    "Names": [
      "autopickup",
      "ap"
    ],
    "Help": "Automatic item pickup.",
    "Syntax": "[radius]"
  },
  "Currency": {
    "Names": [
      "currency",
      "money"
    ],
    "Help": "Add or remove currency.",
    "Syntax": "<delta>"
  },
  "Disenchant": {
    "Names": [
      "disenchant"
    ],
    "Help": "Remove enchantment from a weapon in the paws.",
    "Syntax": null
  },
  "Enchant": {
    "Names": [
      "enchant"
    ],
    "Help": "Enchant weapons in the paws.",
    "Syntax": "<damage type>"
  },
  "Heal": {
    "Names": [
      "heal"
    ],
    "Help": "Add or remove health.",
    "Syntax": "<delta>"
  },
  "Immortality": {
    "Names": [
      "immortality",
      "god"
    ],
    "Help": "Immortality mode.",
    "Syntax": null
  },
  "Item": {
    "Names": [
      "item",
      "i",
      "give"
    ],
    "Help": "Give an item.",
    "Syntax": "<name> [quantity]"
  },
  "ListItems": {
    "Names": [
      "list-items",
      "li"
    ],
    "Help": "Display a list of items.",
    "Syntax": "[case-sensitive search]"
  },
  "ListPlayers": {
    "Names": [
      "list-players",
      "lp"
    ],
    "Help": "Display a list of players.",
    "Syntax": null
  },
  "MaxJumps": {
    "Names": [
      "maxjumps",
      "mj",
      "jumps"
    ],
    "Help": "Change the maximum number of jumps.",
    "Syntax": "<count>"
  },
  "MoveSpeed": {
    "Names": [
      "movespeed",
      "ms",
      "speed"
    ],
    "Help": "Change the movement speed.",
    "Syntax": "[speed]"
  },
  "TeleportToPlayer": {
    "Names": [
      "teleporttoplayer",
      "ttp",
      "teleport",
      "tp"
    ],
    "Help": "Teleport to a player.",
    "Syntax": "<nickname>"
  },
  "Experience": {
    "Names": [
      "experience",
      "exp"
    ],
    "Help": "Add or remove experience.",
    "Syntax": "<delta>"
  }
}