{
  "FreeCamera": {
    "Names": [
      "freecamera",
      "freecam",
      "fc"
    ],
    "Help": "Режим свободной камеры.",
    "Syntax": null
  },
  "SteamProfile": {
    "Names": [
      "steamprofile",
      "steam"
    ],
    "Help": "Открыть Steam профиль игрока.",
    "Syntax": "<никнейм>"
  },
  "NoSkillCooldown": {
    "Names": [
      "noskillcooldown",
      "noskillcd",
      "nsc"
    ],
    "Help": "Переключение таймера отката навыков.",
    "Syntax": null
  },
  "AutoPickup": {
    "Names": [
      "autopickup",
      "ap"
    ],
    "Help": "Автоматическое поднятие предметов.",
    "Syntax": "[радиус]"
  },
  "Currency": {
    "Names": [
      "currency",
      "money"
    ],
    "Help": "Добавить или снять валюту.",
    "Syntax": "<изменение>"
  },
  "Disenchant": {
    "Names": [
      "disenchant"
    ],
    "Help": "Снять зачарование с оружия в лапках.",
    "Syntax": null
  },
  "Enchant": {
    "Names": [
      "enchant"
    ],
    "Help": "Зачаровать оружие в лапках.",
    "Syntax": "<тип урона>"
  },
  "Heal": {
    "Names": [
      "heal"
    ],
    "Help": "Добавить или снять здоровье.",
    "Syntax": "<изменение>"
  },
  "Immortality": {
    "Names": [
      "immortality",
      "god"
    ],
    "Help": "Режим бессмертия.",
    "Syntax": null
  },
  "Item": {
    "Names": [
      "item",
      "i",
      "give"
    ],
    "Help": "Выдать предмет.",
    "Syntax": "<название> [количество]"
  },
  "ListItems": {
    "Names": [
      "list-items",
      "li"
    ],
    "Help": "Отобразить список предметов.",
    "Syntax": "[поиск с учётом регистра]"
  },
  "ListPlayers": {
    "Names": [
      "list-players",
      "lp"
    ],
    "Help": "Отобразить список игроков.",
    "Syntax": null
  },
  "MaxJumps": {
    "Names": [
      "maxjumps",
      "mj",
      "jumps"
    ],
    "Help": "Изменить максимальное количество прыжков.",
    "Syntax": "<количество>"
  },
  "MoveSpeed": {
    "Names": [
      "movespeed",
      "ms",
      "speed"
    ],
    "Help": "Изменить скорость передвижения.",
    "Syntax": "[скорость]"
  },
  "TeleportToPlayer": {
    "Names": [
      "teleporttoplayer",
      "ttp",
      "teleport",
      "tp"
    ],
    "Help": "Телепортироваться к игроку.",
    "Syntax": "<никнейм>"
  },
  "Experience": {
    "Names": [
      "experience",
      "exp"
    ],
    "Help": "Добавить или снять опыт.",
    "Syntax": "<изменение>"
  }
}